{"cameraMode":{"drawMode":0,"name":"Shaded","section":"Shading Mode"},"sceneLighting":true,"audioPlay":false,"sceneViewState":{"showFog":true,"showMaterialUpdate":false,"showSkybox":true,"showFlares":true,"showImageEffects":true,"showParticleSystems":true,"showVisualEffectGraphs":true,"m_FxEnabled":true},"in2DMode":false,"pivot":{"x":152.7373504638672,"y":3.9641921520233156,"z":113.07038879394531},"rotation":{"x":-0.12060995399951935,"y":-0.8412883877754211,"z":0.21025227010250092,"w":-0.48334577679634097},"size":0.5181057453155518,"orthographic":false}