{"cameraMode":{"drawMode":0,"name":"Shaded","section":"Shading Mode"},"sceneLighting":true,"audioPlay":false,"sceneViewState":{"showFog":true,"showMaterialUpdate":false,"showSkybox":true,"showFlares":true,"showImageEffects":true,"showParticleSystems":true,"showVisualEffectGraphs":true,"m_FxEnabled":true},"in2DMode":false,"pivot":{"x":-6.670438766479492,"y":-14.025064468383789,"z":46.77904510498047},"rotation":{"x":0.013431739062070847,"y":0.9219393134117127,"z":-0.3857853412628174,"w":0.032097283750772479},"size":36.514713287353519,"orthographic":false}